<?xml version="1.0" encoding="UTF-8"?> 
<!DOCTYPE tiles-definitions PUBLIC "-//Apache Software Foundation//DTD Tiles Configuration 3.0//EN" 
"http://tiles.apache.org/dtds/tiles-config_3_0.dtd">
<tiles-definitions>
	<!-- login -->
	<definition name="login-layout"
		template="/WEB-INF/tiles/layouts/login_layout.jsp">
	</definition>
	<definition name="login/*" extends="login-layout">
		<put-attribute name="tile_body"
			value="/WEB-INF/jsp/login/{1}.jsp" />
	</definition>
	
	<!-- base -->
	<definition name="base-layout"
		template="/WEB-INF/tiles/layouts/base_layout.jsp">
		<put-attribute name="tile_header"
			value="/WEB-INF/tiles/layouts/header.jsp" />
					<put-attribute name="tile_footer"
			value="/WEB-INF/tiles/layouts/footer.jsp" />
	</definition>
	<!-- tiles 사용하여 화면에 표현 -->
	<definition name=".tiles/*/*" extends="base-layout">
		<put-attribute name="tile_body"
			value="/WEB-INF/jsp/{1}/{2}.jsp" />
	</definition>
</tiles-definitions>
