<?xml version="1.0" encoding="UTF-8"?>
<beans:beans xmlns="http://www.springframework.org/schema/mvc"
	xmlns:xsi="http://www.w3.org/2001/XMLSchema-instance"
	xmlns:beans="http://www.springframework.org/schema/beans"
	xmlns:context="http://www.springframework.org/schema/context"
	xsi:schemaLocation="http://www.springframework.org/schema/mvc
		https://www.springframework.org/schema/mvc/spring-mvc.xsd
		http://www.springframework.org/schema/beans
		https://www.springframework.org/schema/beans/spring-beans.xsd
		http://www.springframework.org/schema/context
		https://www.springframework.org/schema/context/spring-context.xsd">

	<!-- 회원가입 메일 인증 -->
	<beans:bean id="mailSender"	class="org.springframework.mail.javamail.JavaMailSenderImpl">
		<beans:property name="host" value="smtp.gmail.com" />
		<beans:property name="port" value="587" /><!-- 465 or 25 -->
		<beans:property name="username" value="grasseeeeee@gmail.com" />
		<beans:property name="password" value="Grasse125*" />
		<beans:property name="javaMailProperties">
			<beans:props>
				<beans:prop key="mail.smtp.auth">true</beans:prop>
				<beans:prop key="mail.smtp.starttls.enable">true</beans:prop>
			</beans:props>
		</beans:property>
	</beans:bean>
	
</beans:beans>
