<?xml version="1.0" encoding="UTF-8"?>
<beans
	xmlns:context="http://www.springframework.org/schema/context"
	xmlns:p="http://www.springframework.org/schema/p"
	xmlns:xsi="http://www.w3.org/2001/XMLSchema-instance"
	xmlns="http://www.springframework.org/schema/beans"
	xmlns:mvc="http://www.springframework.org/schema/mvc"
	xmlns:aop="http://www.springframework.org/schema/aop"
	xsi:schemaLocation="http://www.springframework.org/schema/beans http://www.springframework.org/schema/beans/spring-beans-3.0.xsd
       http://www.springframework.org/schema/context http://www.springframework.org/schema/context/spring-context-3.0.xsd
       http://www.springframework.org/schema/mvc http://www.springframework.org/schema/mvc/spring-mvc.xsd
        http://www.springframework.org/schema/aop http://www.springframework.org/schema/aop/spring-aop.xsd">

	<context:component-scan base-package="grasse"
		use-default-filters="false">
		<context:include-filter type="annotation"
			expression="org.springframework.stereotype.Controller" />
	</context:component-scan>

	<mvc:interceptors>
		<mvc:interceptor>
			<mvc:mapping path="/**" />
			<bean id="loggerInterceptor"
				class="grasse.common.logger.LoggerInterceptor"></bean>
		</mvc:interceptor>
	</mvc:interceptors>


	<mvc:annotation-driven>
		<mvc:argument-resolvers>
			<bean class="grasse.common.resolver.CustomMapArgumentResolver"></bean>
		</mvc:argument-resolvers>
	</mvc:annotation-driven>

	<bean
		class="org.springframework.web.servlet.mvc.annotation.DefaultAnnotationHandlerMapping" />

	<bean
		class="org.springframework.web.servlet.view.BeanNameViewResolver"
		p:order="0" />
	<bean id="jsonView"
		class="org.springframework.web.servlet.view.json.MappingJackson2JsonView" />

	<bean
		class="org.springframework.web.servlet.view.UrlBasedViewResolver"
		p:order="1"
		p:viewClass="org.springframework.web.servlet.view.JstlView"
		p:prefix="/WEB-INF/jsp/" p:suffix=".jsp">
	</bean>
</beans>