<?xml version="1.0" encoding="UTF-8"?>

<!DOCTYPE mapper
	PUBLIC "-//mybatis.org//DTD Mapper 3.0//EN"
	"http://mybatis.org/dtd/mybatis-3-mapper.dtd">

<mapper namespace="member">

	<!-- 회원가입 -->
	<insert id="insertMember" parameterType="hashmap">
		<![CDATA[
		INSERT INTO MEMBER
			(
			MEMBER_NO,
			MEMBER_ID,
		  	PASSWD,
		 	NAME, 
		 	BIRTH, 
		 	ZIPCODE, 
		 	ADDR1, 
		 	ADDR2, 
		 	PHONE, 
		 	EMAIL, 
		 	REGDATE)
		VALUES
			(
			MEMBER_NO_SEQ.NEXTVAL, 
			#{MEMBER_ID}, 
			#{PASSWD}, 
			#{NAME}, 
			#{BIRTH}, 
			#{ZIPCODE}, 
			#{ADDR1}, 
			#{ADDR2}, 
			#{PHONE}, 
			#{EMAIL}, 
			SYSDATE)
		]]>
	</insert>

	<!-- 아이디 체크 -->
	<select id="checkId" parameterType="String" resultType="int">
	<![CDATA[
		SELECT 
			COUNT(*) 
		FROM 
			MEMBER
		WHERE 
			MEMBER_ID = #{MEMBER_ID}
	]]>
	</select>


	<!-- 로그인 -->

	<select id="memberInfo" parameterType="hashMap"
		resultType="hashMap">
		<![CDATA[
				SELECT
					MEMBER_NO,
					MEMBER_ID,
					PASSWD,
					NAME,
					BIRTH,
					PHONE,
					EMAIL,
					ZIPCODE,
					ADDR1,
					ADDR2,
					REGDATE,
					POINT
				FROM
					MEMBER
				WHERE
					MEMBER_ID = #{MEMBER_ID}
		]]>
	</select>

	<!-- 자동로그인 -->

	<update id="keepLogin">
		<![CDATA[
			UPDATE MEMBER
				SET SESSIONKEY = #{SESSIONKEY},
				SESSIONKEYLIMIT = #{SESSIONLIMIT}
			WHERE MEMBER_ID = #{MEMBER_ID}
		]]>
	</update>

	<!-- 자동로그인 세션 ID로 저장 -->

	<select id="checkUserWithSessionKey" parameterType="String"
		resultType="hashmap">
		<![CDATA[
			SELECT
				MEMBER_NO,
				MEMBER_ID,
				PASSWD,
				NAME,
				BIRTH,
				ZIPCODE,
				ADDR1,
				ADDR2,
				PHONE,
				EMAIL,
				SESSIONKEYFROMMEMBER
			WHERE SESSIONKEY = #{SESSIONKEY} AND
				SESSIONKEYLIMIT > SYSDATE
	]]>
	</select>

	<!-- 아이디 찾기 -->

	<select resultType="hashmap" parameterType="hashmap"
		id="findIdWithEmail">
	<![CDATA[
		SELECT 
			MEMBER_ID
		FROM 
			MEMBER 
		WHERE 
			EMAIL = #{EMAIL} AND NAME=#{NAME}
	]]>
	</select>

	<!-- 비밀번호 변경 -->
	<update id="changePw" parameterType="hashMap">
	<![CDATA[
	UPDATE MEMBER
	SET
	PASSWD=${PASSWD}
	WHERE
	NAME=#{NAME} AND EMAIL=#{EMAIL} AND MEMBER_ID=#{MEMBER_ID}
	]]>
	</update>

</mapper>